strategy,ranking
高关键词密度,10
高质量内容,22
强链接建设,39
强链接建设,60
高关键词密度,8
高关键词密度,22
强链接建设,92
强链接建设,83
高关键词密度,28
强链接建设,77
强链接建设,96
高关键词密度,67
强链接建设,16
高关键词密度,72
强链接建设,67
高质量内容,88
强链接建设,52
高质量内容,81
高质量内容,34
强链接建设,18
高关键词密度,73
高质量内容,20
高质量内容,74
强链接建设,3
强链接建设,73
高质量内容,91
强链接建设,1
强链接建设,74
高质量内容,21
强链接建设,44
高质量内容,64
高关键词密度,81
高质量内容,25
强链接建设,38
高关键词密度,89
高质量内容,44
强链接建设,89
高关键词密度,74
高质量内容,51
强链接建设,37
高关键词密度,44
强链接建设,83
高关键词密度,68
强链接建设,81
强链接建设,62
强链接建设,48
强链接建设,99
高质量内容,78
高关键词密度,98
高关键词密度,98
高质量内容,93
强链接建设,32
高关键词密度,41
高关键词密度,27
高关键词密度,81
高质量内容,77
高关键词密度,41
强链接建设,89
强链接建设,50
高关键词密度,70
高关键词密度,73
高质量内容,90
高关键词密度,65
高关键词密度,36
高关键词密度,65
强链接建设,72
强链接建设,52
强链接建设,95
强链接建设,40
强链接建设,67
高关键词密度,48
强链接建设,72
高质量内容,87
强链接建设,76
高质量内容,73
高质量内容,72
高质量内容,97
高关键词密度,85
高关键词密度,23
高关键词密度,84
强链接建设,11
高关键词密度,57
高关键词密度,71
强链接建设,3
强链接建设,62
高关键词密度,2
强链接建设,69
强链接建设,37
强链接建设,75
高质量内容,33
强链接建设,87
强链接建设,48
高关键词密度,52
高关键词密度,53
高关键词密度,50
高质量内容,8
强链接建设,9
高关键词密度,10
高关键词密度,73
高质量内容,65
强链接建设,91
强链接建设,29
强链接建设,67
高关键词密度,71
高关键词密度,42
高质量内容,97
强链接建设,84
强链接建设,87
高关键词密度,94
高关键词密度,99
高质量内容,7
强链接建设,62
高质量内容,38
高关键词密度,57
强链接建设,44
高关键词密度,47
强链接建设,32
高质量内容,21
高关键词密度,82
高质量内容,46
高关键词密度,66
强链接建设,77
高质量内容,95
高质量内容,38
高关键词密度,77
强链接建设,24
强链接建设,87
高关键词密度,93
强链接建设,71
高质量内容,71
高质量内容,95
高关键词密度,84
强链接建设,2
强链接建设,36
高质量内容,22
高质量内容,10
高质量内容,28
强链接建设,7
高关键词密度,97
强链接建设,52
高质量内容,9
强链接建设,77
强链接建设,87
高关键词密度,54
高质量内容,88
高关键词密度,72
强链接建设,34
高质量内容,9
高质量内容,66
高关键词密度,94
高质量内容,62
高质量内容,11
强链接建设,46
高关键词密度,34
高质量内容,18
高关键词密度,61
高关键词密度,80
高质量内容,6
高质量内容,62
高关键词密度,49
高关键词密度,70
强链接建设,15
高关键词密度,70
高质量内容,90
高关键词密度,28
高关键词密度,98
高质量内容,6
高关键词密度,35
强链接建设,37
高质量内容,94
强链接建设,2
高质量内容,99
高质量内容,39
高关键词密度,74
强链接建设,85
高质量内容,13
高关键词密度,12
高关键词密度,52
高关键词密度,99
高关键词密度,79
高关键词密度,25
高质量内容,8
高质量内容,46
高质量内容,90
强链接建设,81
高关键词密度,47
高关键词密度,79
高关键词密度,58
强链接建设,80
高质量内容,56
高质量内容,38
高关键词密度,6
高关键词密度,51
强链接建设,40
强链接建设,62
强链接建设,31
强链接建设,82
强链接建设,37
高关键词密度,87
强链接建设,79
强链接建设,21
高质量内容,77
强链接建设,89
强链接建设,58
高关键词密度,56
强链接建设,94
高关键词密度,74
强链接建设,85
强链接建设,81
高质量内容,57
高质量内容,4
高关键词密度,40
高质量内容,88
高关键词密度,63
高关键词密度,77
高关键词密度,9
高关键词密度,39
强链接建设,85
高质量内容,18
高质量内容,61
高质量内容,69
高质量内容,35
高关键词密度,23
高质量内容,51
强链接建设,56
高质量内容,41
高质量内容,68
强链接建设,18
高关键词密度,44
高质量内容,23
强链接建设,44
高关键词密度,30
高关键词密度,97
强链接建设,69
强链接建设,7
强链接建设,21
高质量内容,11
强链接建设,39
强链接建设,81
强链接建设,33
高质量内容,6
高关键词密度,49
高关键词密度,34
高质量内容,87
强链接建设,31
高关键词密度,19
强链接建设,40
高质量内容,1
高关键词密度,1
强链接建设,9
强链接建设,15
强链接建设,72
高关键词密度,5
高质量内容,35
高质量内容,51
高质量内容,92
强链接建设,81
强链接建设,69
高关键词密度,45
强链接建设,8
强链接建设,41
高质量内容,28
高质量内容,83
高质量内容,12
强链接建设,3
高关键词密度,4
强链接建设,67
高关键词密度,87
高关键词密度,55
高关键词密度,52
强链接建设,83
高关键词密度,91
强链接建设,10
高关键词密度,15
高关键词密度,49
强链接建设,37
强链接建设,82
高质量内容,33
高质量内容,68
强链接建设,57
强链接建设,24
高关键词密度,30
高质量内容,54
强链接建设,28
强链接建设,62
高质量内容,72
强链接建设,48
高关键词密度,35
高关键词密度,69
高质量内容,51
高关键词密度,50
高关键词密度,47
高关键词密度,13
高关键词密度,93
高质量内容,51
强链接建设,33
强链接建设,29
高质量内容,56
高关键词密度,29
强链接建设,21
高关键词密度,74
高关键词密度,99
高质量内容,94
强链接建设,78
高关键词密度,63
高关键词密度,5
高质量内容,2
强链接建设,33
高质量内容,65
高关键词密度,99
高质量内容,5
高质量内容,15
高质量内容,25
高质量内容,70
高质量内容,13
高质量内容,74
高关键词密度,61
强链接建设,38
强链接建设,10
高质量内容,20
高关键词密度,77
高质量内容,15
强链接建设,14
高质量内容,87
高质量内容,18
高关键词密度,78
强链接建设,61
高质量内容,84
高质量内容,19
高关键词密度,1
高关键词密度,31
高关键词密度,63
高关键词密度,43
高质量内容,7
强链接建设,64
高质量内容,76
高关键词密度,21
强链接建设,54
高关键词密度,57
高关键词密度,16
高关键词密度,55
高关键词密度,54
强链接建设,40
高关键词密度,9
高关键词密度,25
高质量内容,9
强链接建设,80
强链接建设,41
高质量内容,44
强链接建设,12
强链接建设,71
强链接建设,72
高质量内容,30
高关键词密度,83
高关键词密度,19
高关键词密度,2
强链接建设,30
高关键词密度,47
强链接建设,69
强链接建设,34
高质量内容,4
高关键词密度,3
强链接建设,22
高关键词密度,53
高关键词密度,79
高关键词密度,70
高关键词密度,98
高质量内容,58
高关键词密度,69
强链接建设,56
强链接建设,34
强链接建设,67
高质量内容,54
高关键词密度,42
高关键词密度,26
强链接建设,25
高关键词密度,58
高关键词密度,71
高质量内容,44
高质量内容,42
高关键词密度,52
高关键词密度,22
高质量内容,22
高关键词密度,77
高质量内容,10
强链接建设,68
高关键词密度,55
高关键词密度,37
高质量内容,38
高质量内容,83
高质量内容,94
高质量内容,44
强链接建设,93
强链接建设,23
强链接建设,97
高质量内容,29
高关键词密度,29
高关键词密度,64
高质量内容,67
强链接建设,83
强链接建设,15
高关键词密度,56
高关键词密度,96
强链接建设,86
强链接建设,33
高关键词密度,88
高关键词密度,81
强链接建设,55
高质量内容,32
高质量内容,89
强链接建设,47
强链接建设,77
高关键词密度,82
高关键词密度,69
高关键词密度,13
强链接建设,51
高质量内容,46
强链接建设,49
高关键词密度,12
强链接建设,88
强链接建设,3
高质量内容,17
高质量内容,78
高质量内容,63
高质量内容,91
强链接建设,56
高质量内容,46
强链接建设,76
强链接建设,50
高质量内容,29
高关键词密度,40
强链接建设,78
高关键词密度,19
高关键词密度,63
高关键词密度,13
高质量内容,47
高质量内容,82
强链接建设,11
高质量内容,28
高质量内容,93
高质量内容,50
高质量内容,27
高关键词密度,81
高质量内容,63
高关键词密度,90
高关键词密度,77
高质量内容,76
强链接建设,5
强链接建设,46
强链接建设,68
高关键词密度,1
高关键词密度,31
强链接建设,83
高质量内容,24
强链接建设,64
高关键词密度,6
高质量内容,95
高关键词密度,91
高关键词密度,84
高质量内容,91
高关键词密度,95
强链接建设,30
高质量内容,97
强链接建设,59
强链接建设,14
高质量内容,46
高关键词密度,9
高质量内容,40
强链接建设,22
高关键词密度,89
高关键词密度,29
高关键词密度,75
强链接建设,76
强链接建设,13
高质量内容,11
高质量内容,41
高关键词密度,9
强链接建设,39
强链接建设,2
高关键词密度,15
强链接建设,16
高质量内容,5
高关键词密度,73
高质量内容,24
强链接建设,74
高关键词密度,15
高关键词密度,58
高质量内容,50
强链接建设,53
强链接建设,21
高关键词密度,89
高关键词密度,92
高关键词密度,54
高质量内容,55
强链接建设,86
高关键词密度,81
高关键词密度,49
强链接建设,60
高质量内容,30
高关键词密度,47
高质量内容,11
强链接建设,75
高质量内容,11
强链接建设,41
强链接建设,62
高关键词密度,59
强链接建设,5
高质量内容,8
高关键词密度,36
高质量内容,82
高质量内容,5
高质量内容,50
高质量内容,17
强链接建设,52
强链接建设,89
高质量内容,55
强链接建设,48
高质量内容,94
高质量内容,25
高关键词密度,70
高质量内容,7
高质量内容,48
高质量内容,13
高质量内容,40
高质量内容,97
强链接建设,49
高质量内容,20
高质量内容,57
强链接建设,7
高质量内容,87
强链接建设,74
高关键词密度,95
高质量内容,19
高质量内容,60
高关键词密度,27
高关键词密度,96
高质量内容,57
高质量内容,78
高关键词密度,14
高关键词密度,87
高关键词密度,57
强链接建设,62
高关键词密度,20
强链接建设,50
高关键词密度,51
高质量内容,46
高质量内容,90
高质量内容,11
高关键词密度,75
高关键词密度,23
强链接建设,90
强链接建设,25
高质量内容,35
高关键词密度,15
高关键词密度,86
强链接建设,81
强链接建设,61
强链接建设,22
高关键词密度,63
高关键词密度,12
强链接建设,71
强链接建设,73
高质量内容,96
高质量内容,35
强链接建设,57
高质量内容,73
强链接建设,36
高质量内容,57
高关键词密度,30
强链接建设,4
强链接建设,29
高关键词密度,75
强链接建设,47
强链接建设,39
高关键词密度,85
高关键词密度,47
强链接建设,55
高质量内容,60
高质量内容,45
高关键词密度,73
高质量内容,67
强链接建设,33
高质量内容,76
高质量内容,68
高质量内容,92
高关键词密度,9
高关键词密度,41
强链接建设,93
强链接建设,17
强链接建设,66
高质量内容,88
高质量内容,59
强链接建设,67
高质量内容,18
高关键词密度,33
高质量内容,24
高关键词密度,49
强链接建设,7
高关键词密度,70
高关键词密度,39
高质量内容,65
强链接建设,85
强链接建设,80
强链接建设,38
高关键词密度,39
高质量内容,93
强链接建设,73
高关键词密度,8
高关键词密度,99
高关键词密度,91
高关键词密度,74
高关键词密度,40
高质量内容,8
高关键词密度,33
强链接建设,3
高关键词密度,88
高关键词密度,57
高质量内容,65
高关键词密度,71
高关键词密度,54
强链接建设,30
高质量内容,72
高质量内容,66
强链接建设,62
高关键词密度,35
高质量内容,40
强链接建设,54
高关键词密度,82
高关键词密度,16
强链接建设,3
高质量内容,15
强链接建设,80
高质量内容,71
强链接建设,18
高关键词密度,41
高质量内容,24
强链接建设,1
高关键词密度,80
高质量内容,83
强链接建设,44
强链接建设,38
强链接建设,13
高质量内容,36
强链接建设,55
高质量内容,89
高关键词密度,80
高质量内容,28
高关键词密度,4
高质量内容,38
强链接建设,40
高质量内容,56
高关键词密度,44
强链接建设,59
高质量内容,10
高质量内容,53
强链接建设,91
强链接建设,19
高质量内容,55
高质量内容,46
高质量内容,78
强链接建设,69
强链接建设,11
强链接建设,29
强链接建设,75
高关键词密度,83
高关键词密度,72
高质量内容,89
高质量内容,42
强链接建设,52
强链接建设,20
高质量内容,83
强链接建设,42
强链接建设,52
高关键词密度,33
高关键词密度,37
高质量内容,64
高关键词密度,87
高质量内容,40
高质量内容,17
强链接建设,33
高关键词密度,97
高质量内容,76
强链接建设,71
强链接建设,21
高质量内容,64
高关键词密度,82
高关键词密度,49
高质量内容,60
高关键词密度,30
强链接建设,33
强链接建设,77
高关键词密度,58
强链接建设,71
高关键词密度,41
高质量内容,64
强链接建设,42
高质量内容,55
高质量内容,39
高质量内容,14
高关键词密度,81
强链接建设,17
高质量内容,94
高关键词密度,87
高质量内容,23
强链接建设,38
高质量内容,25
高关键词密度,38
高关键词密度,6
高质量内容,14
强链接建设,31
高质量内容,23
高关键词密度,99
强链接建设,27
高关键词密度,40
强链接建设,60
高关键词密度,50
高质量内容,40
强链接建设,12
高质量内容,37
强链接建设,30
高关键词密度,85
高关键词密度,72
高质量内容,88
高质量内容,10
高关键词密度,80
高关键词密度,21
高关键词密度,98
高质量内容,21
强链接建设,96
强链接建设,23
强链接建设,80
强链接建设,22
强链接建设,10
高质量内容,97
高质量内容,75
强链接建设,82
高关键词密度,97
高质量内容,41
高质量内容,70
高关键词密度,32
强链接建设,73
强链接建设,35
高质量内容,88
高质量内容,92
高关键词密度,16
高质量内容,50
高质量内容,19
高质量内容,99
高关键词密度,62
强链接建设,86
高质量内容,48
高质量内容,16
强链接建设,43
高质量内容,99
高质量内容,70
高关键词密度,13
高关键词密度,43
高关键词密度,46
强链接建设,9
高质量内容,39
高关键词密度,31
强链接建设,59
高质量内容,18
高关键词密度,64
高关键词密度,65
强链接建设,76
高关键词密度,90
高质量内容,94
强链接建设,34
高质量内容,79
高质量内容,56
高关键词密度,58
强链接建设,34
高关键词密度,60
强链接建设,75
强链接建设,90
强链接建设,16
强链接建设,64
强链接建设,98
高质量内容,78
高关键词密度,29
高关键词密度,6
高质量内容,67
高关键词密度,3
强链接建设,94
高质量内容,35
强链接建设,98
高关键词密度,16
强链接建设,5
高关键词密度,47
高关键词密度,58
高质量内容,34
高关键词密度,3
强链接建设,18
高关键词密度,97
高质量内容,5
高质量内容,49
高关键词密度,57
高质量内容,37
强链接建设,33
高关键词密度,73
强链接建设,84
高关键词密度,4
高质量内容,12
高关键词密度,36
强链接建设,39
高关键词密度,94
强链接建设,74
强链接建设,87
强链接建设,1
高质量内容,24
高质量内容,57
强链接建设,93
高关键词密度,16
强链接建设,30
强链接建设,97
高质量内容,14
高关键词密度,80
高质量内容,18
高质量内容,88
高质量内容,15
高关键词密度,85
高关键词密度,32
强链接建设,48
高关键词密度,46
强链接建设,10
高质量内容,11
高关键词密度,48
高关键词密度,15
高关键词密度,61
高关键词密度,18
强链接建设,13
强链接建设,76
强链接建设,32
高关键词密度,80
高关键词密度,83
高关键词密度,81
高关键词密度,77
高关键词密度,34
高关键词密度,16
强链接建设,6
强链接建设,46
高关键词密度,10
高质量内容,31
高关键词密度,99
高质量内容,89
高质量内容,90
高质量内容,35
高关键词密度,72
高关键词密度,7
高质量内容,14
高关键词密度,29
强链接建设,21
高质量内容,9
高质量内容,79
强链接建设,86
高关键词密度,98
强链接建设,60
高质量内容,13
高关键词密度,62
高关键词密度,39
高关键词密度,18
高关键词密度,20
高关键词密度,98
高质量内容,90
强链接建设,45
强链接建设,14
高关键词密度,73
强链接建设,84
高关键词密度,37
高质量内容,17
高关键词密度,28
强链接建设,22
高关键词密度,69
强链接建设,4
高关键词密度,54
强链接建设,9
高质量内容,71
强链接建设,71
高质量内容,19
高质量内容,93
强链接建设,62
强链接建设,93
高关键词密度,50
高关键词密度,10
高质量内容,81
高关键词密度,30
强链接建设,48
高关键词密度,14
高关键词密度,48
强链接建设,85
高质量内容,48
高关键词密度,49
高质量内容,48
高关键词密度,82
高关键词密度,94
高关键词密度,57
强链接建设,38
强链接建设,31
强链接建设,71
强链接建设,70
强链接建设,15
强链接建设,71
高关键词密度,27
强链接建设,68
高关键词密度,9
强链接建设,1
强链接建设,39
高质量内容,88
强链接建设,27
强链接建设,28
高质量内容,37
高关键词密度,25
高关键词密度,77
强链接建设,40
高质量内容,47
高关键词密度,4
高关键词密度,49
高质量内容,18
高关键词密度,13
高关键词密度,35
高关键词密度,64
高关键词密度,61
高质量内容,80
强链接建设,25
高关键词密度,30
高关键词密度,8
高关键词密度,84
高关键词密度,71
强链接建设,62
强链接建设,49
高质量内容,9
高质量内容,66
强链接建设,60
强链接建设,58
高质量内容,8
强链接建设,77
高质量内容,18
高质量内容,86
高质量内容,22
高关键词密度,22
高关键词密度,51
高质量内容,43
强链接建设,93
强链接建设,91
强链接建设,59
强链接建设,5
高质量内容,21
高质量内容,76
高质量内容,38
强链接建设,33
高质量内容,43
强链接建设,66
高质量内容,52
强链接建设,75
高关键词密度,64
高关键词密度,47
高关键词密度,77
高质量内容,23
高质量内容,1
高关键词密度,19
高质量内容,14
高关键词密度,91
高关键词密度,32
强链接建设,46
高质量内容,77
高质量内容,9
高关键词密度,4
高质量内容,32
高质量内容,47
强链接建设,55
高质量内容,60
高质量内容,61
高关键词密度,22
强链接建设,78
高关键词密度,22
高关键词密度,79
强链接建设,54
高质量内容,75
高质量内容,67
高关键词密度,99
高质量内容,59
高关键词密度,24
高质量内容,40
强链接建设,6
高质量内容,14
强链接建设,24
高关键词密度,38
高质量内容,11
强链接建设,13
高关键词密度,4
高关键词密度,60
高关键词密度,57
强链接建设,13
强链接建设,60
强链接建设,49
强链接建设,91
高关键词密度,36
强链接建设,88
高质量内容,56
